{
	"info": {
		"_postman_id": "1d06dcfd-1bb6-4db1-b5e4-f77d86701fc2",
		"name": "hotel-room-service-api",
		"schema": "https://schema.getpostman.com/json/collection/v2.1.0/collection.json",
		"_exporter_id": "36259046"
	},
	"item": [
		{
			"name": "Create new service",
			"request": {
				"method": "POST",
				"header": [],
				"body": {
					"mode": "raw",
					"raw": "{\r\n  \"guestName\": \"John Doe\",\r\n  \"roomNumber\": 101,\r\n  \"requestDetails\": \"Extra pillows and towels\",\r\n  \"priority\": 2,\r\n  \"status\": \"received\"\r\n}\r\n",
					"options": {
						"raw": {
							"language": "json"
						}
					}
				},
				"url": {
					"raw": "http://localhost:3000/requests",
					"protocol": "http",
					"host": [
						"localhost"
					],
					"port": "3000",
					"path": [
						"requests"
					]
				}
			},
			"response": []
		},
		{
			"name": "Get all services",
			"request": {
				"method": "GET",
				"header": [],
				"url": {
					"raw": "http://localhost:3000/requests",
					"protocol": "http",
					"host": [
						"localhost"
					],
					"port": "3000",
					"path": [
						"requests"
					]
				}
			},
			"response": []
		},
		{
			"name": "Get single service",
			"request": {
				"method": "GET",
				"header": [],
				"url": {
					"raw": "http://localhost:3000/requests/f97eb3bc-cc34-4d9d-a267-f71238b749db",
					"protocol": "http",
					"host": [
						"localhost"
					],
					"port": "3000",
					"path": [
						"requests",
						"f97eb3bc-cc34-4d9d-a267-f71238b749db"
					]
				}
			},
			"response": []
		},
		{
			"name": "Update a request",
			"request": {
				"method": "PUT",
				"header": [],
				"body": {
					"mode": "raw",
					"raw": "{\r\n  \"priority\": 1,\r\n  \"status\": \"awaiting confirmation\"\r\n}\r\n",
					"options": {
						"raw": {
							"language": "json"
						}
					}
				},
				"url": {
					"raw": "http://localhost:3000/requests/f97eb3bc-cc34-4d9d-a267-f71238b749db",
					"protocol": "http",
					"host": [
						"localhost"
					],
					"port": "3000",
					"path": [
						"requests",
						"f97eb3bc-cc34-4d9d-a267-f71238b749db"
					]
				}
			},
			"response": []
		},
		{
			"name": "Delete complete or canceled request",
			"request": {
				"method": "DELETE",
				"header": [],
				"url": {
					"raw": "http://localhost:3000/requests/f97eb3bc-cc34-4d9d-a267-f71238b749db",
					"protocol": "http",
					"host": [
						"localhost"
					],
					"port": "3000",
					"path": [
						"requests",
						"f97eb3bc-cc34-4d9d-a267-f71238b749db"
					]
				}
			},
			"response": []
		},
		{
			"name": "Mark a request as complete",
			"request": {
				"method": "POST",
				"header": [],
				"url": {
					"raw": "http://localhost:3000/requests/f97eb3bc-cc34-4d9d-a267-f71238b749db/complete",
					"protocol": "http",
					"host": [
						"localhost"
					],
					"port": "3000",
					"path": [
						"requests",
						"f97eb3bc-cc34-4d9d-a267-f71238b749db",
						"complete"
					]
				}
			},
			"response": []
		}
	]
}